<?xml version="1.0" encoding="utf-8" ?>
<extension type="module" version="3.0" client="site" method="upgrade">
	<name>Bundesliga-Tabelle</name>
	<author>Markus Krupp</author>
	<creationDate>20.09.2021</creationDate>
	<copyright>(C) 2021 Markus Krupp</copyright>
	<license>GNU/GPL</license>
	<authorEmail>webmaster@krupphome.de</authorEmail>
	<authorUrl>www.jbuli.de</authorUrl>
	<version>1.18</version>
	<description>Bundesliga Tabelle für Joomla</description>
  <scriptfile>install.php</scriptfile>
	<files>
		<filename module="mod_bulitabelle">mod_bulitabelle.php</filename>
		<folder>images</folder>
		<filename>index.html</filename>
		<filename>helper.php</filename>
		<filename>tmpl/default.php</filename>
	</files>
	<config>
		<fields name="params">
			<fieldset name="basic">
				<field name="league" type="text" default="bl1" label="Liga" description="'bl1' für die 1. Bundesliga oder 'bl2' für die 2. Bundesliga" />
				<field name="season" type="number" default="2019" label="Saison" description="Für die Bundesliga Saison 2019/2020 lautet der Wert '2019'" />
				<field name="timeout" type="number" default="3" label="Timeout" description="Sekunden, wie lange auf eine Antwort vom Webservice gewartet werden soll. Bei einem Timeout werden die Daten aus dem Cache geladen." />
				<field name="refresh" type="number" default="60" label="Aktualisierung in Minuten" description="In welchem Intervall soll die Tabelle aktualisiert werden?" />
        <field name="live" type="radio" default="1" label="Live Spiele hervorheben" description="Sollen Live-Spiele rot hervorgehoben werden?">
          <option value="1">JA</option>
          <option value="0">NEIN</option>
        </field>
				<field name="meinVerein" type="list" default="" label="Verein hervorheben" description="Verein auswählen, der hervorgehoben werden soll">
					<option value="">Keinen</option>
				<option value="1. FC Heidenheim 1846">1. FC Heidenheim 1846</option>
					<option value="1. FC Köln">1. FC Köln</option>
					<option value="1. FC Nürnberg">1. FC Nürnberg</option>
					<option value="1. FC Union Berlin">1. FC Union Berlin</option>
					<option value="1. FSV Mainz 05">1. FSV Mainz 05</option>
					<option value="Arminia Bielefeld">Arminia Bielefeld</option>
					<option value="Bayer 04 Leverkusen">Bayer 04 Leverkusen</option>
					<option value="Bayern München">Bayern München</option>
					<option value="Borussia Dortmund">Borussia Dortmund</option>
					<option value="Borussia Mönchengladbach">Borussia Mönchengladbach</option>
					<option value="Eintracht Frankfurt">Eintracht Frankfurt</option>
					<option value="Erzgebirge Aue">Erzgebirge Aue</option>
					<option value="FC Augsburg">FC Augsburg</option>
					<option value="FC Schalke 04">FC Schalke 04</option>
					<option value="FC St. Pauli">FC St. Pauli</option>
					<option value="Hamburger SV">Hamburger SV</option>
					<option value="Hannover 96">Hannover 96</option>
					<option value="Hertha BSC">Hertha BSC</option>
					<option value="RB Leipzig">RB Leipzig</option>
					<option value="SC Freiburg">SC Freiburg</option>
					<option value="SC Paderborn 07">SC Paderborn 07</option>
					<option value="SpVgg Greuther Fuerth">SpVgg Greuther Fuerth</option>
					<option value="SV Darmstadt 98">SV Darmstadt 98</option>
					<option value="SV Sandhausen">SV Sandhausen</option>
					<option value="TSG 1899 Hoffenheim">TSG 1899 Hoffenheim</option>
					<option value="VfB Stuttgart">VfB Stuttgart</option>
					<option value="VfL Bochum">VfL Bochum</option>
					<option value="VfL Wolfsburg">VfL Wolfsburg</option>
					<option value="Werder Bremen">Werder Bremen</option>
					<option value="SG Dynamo Dresden">SG Dynamo Dresden</option>
					<option value="Jahn Regensburg">Jahn Regensburg</option>
					<option value="Holstein Kiel">Holstein Kiel</option>
                    <option value="SpVgg Greuther Fürth">SpVgg Greuther Fürth</option>
					<option value="VfL Osnabrück">VfL Osnabrück</option>	
					<option value="SV Wehen Wiesbaden">SV Wehen Wiesbaden</option>	
					<option value="Karlsruher SC">Karlsruher SC</option>
					<option value="Hansa Rostock">Hansa Rostock</option>	
				</field>				
				<field name="meinVereinCSS" type="text" default="background-color: #ffff99; font-weight:bold;" label="Verein hervorheben CSS" description="CSS wie der Verein hervorgehoben werden soll" />
			</fieldset>
			<fieldset name="advanced">
				<field name="moduleclass_sfx" type="text" label="Modul-Klassen-Suffix" description="Diese Option ermöglicht ein individuelles CSS Styling des Moduls" />
			</fieldset>
		</fields>
	</config>
	<updateservers>
		<server type="extension" priority="1" name="mod_bulitabelle Updates">http://www.jbuli.de/updater/mod_bulitabelle.xml</server>
	</updateservers>
</extension>